﻿<?xml version="1.0" encoding="utf-8"?>
<ships>
  <ship className="Hunter">
    <MaxHP>50</MaxHP>
    <MaxMP>3</MaxMP>
    <ShipHull>Frigate</ShipHull>
    <shipParts>
      <shipPart>Laser Beam</shipPart>
      <shipPart>Laser Beam</shipPart>
      <shipPart>Plasma Cannon</shipPart>
      <shipPart>Torpedo</shipPart>
      <shipPart>Shield Generator</shipPart>
      <shipPart>Shield Generator</shipPart>
      <shipPart>Armor Plate</shipPart>
      <shipPart>Damage Control</shipPart>
      <shipPart>Standard Engine</shipPart>
      <shipPart>Standard Engine</shipPart>
      <shipPart>Standard Engine</shipPart>
      <shipPart>Standard Engine</shipPart>
      <shipPart>Standard Engine</shipPart>
      <shipPart>Standard Engine</shipPart>
    </shipParts>
  </ship>
  <ship className="Prey">
    <MaxHP>50</MaxHP>
    <MaxMP>3</MaxMP>
    <ShipHull>Galaxy</ShipHull>
    <shipParts>
      <shipPart>Laser Beam</shipPart>
      <shipPart>Laser Beam</shipPart>
      <shipPart>Laser Beam</shipPart>
      <shipPart>Laser Beam</shipPart>
      <shipPart>Shield Generator</shipPart>
      <shipPart>Shield Generator</shipPart>
      <shipPart>Armor Plate</shipPart>
      <shipPart>Damage Control</shipPart>
      <shipPart>Standard Engine</shipPart>
      <shipPart>Standard Engine</shipPart>
      <shipPart>Standard Engine</shipPart>
      <shipPart>Standard Engine</shipPart>
      <shipPart>Standard Engine</shipPart>
      <shipPart>Standard Engine</shipPart>
      <shipPart>Standard Engine</shipPart>
      <shipPart>Standard Engine</shipPart>
    </shipParts>
  </ship>
</ships>