﻿<?xml version="1.0" encoding="utf-8"?>
<shipHulls>
  <shipHull name="Frigate">
    <MaxHP>50</MaxHP>
    <AllowedParts>
      <allowedPart type="StarShips.Parts.ActionPart">
        <ActionMechanism></ActionMechanism>
        <CountOfParts>2</CountOfParts>
      </allowedPart>
      <allowedPart type="StarShips.Parts.DefensePart">
        <ActionMechanism></ActionMechanism>
        <CountOfParts>3</CountOfParts>
      </allowedPart>
      <allowedPart type="StarShips.Parts.WeaponPart">
        <ActionMechanism>Beam</ActionMechanism>
        <CountOfParts>3</CountOfParts>
      </allowedPart>
      <allowedPart type="StarShips.Parts.WeaponPart">
        <ActionMechanism>Cannon</ActionMechanism>
        <CountOfParts>2</CountOfParts>
      </allowedPart>
      <allowedPart type="StarShips.Parts.WeaponPart">
        <ActionMechanism>Torpedo</ActionMechanism>
        <CountOfParts>1</CountOfParts>
      </allowedPart>
    </AllowedParts>
    <ImageURL>Ship1.png</ImageURL>
    <Mass>1900</Mass>
  </shipHull>
  <shipHull name="Galaxy">
    <MaxHP>50</MaxHP>
    <AllowedParts>
      <allowedPart type="StarShips.Parts.DefensePart">
        <ActionMechanism></ActionMechanism>
        <CountOfParts>3</CountOfParts>
      </allowedPart>
      <allowedPart type="StarShips.Parts.ActionPart">
        <ActionMechanism></ActionMechanism>
        <CountOfParts>2</CountOfParts>
      </allowedPart>
      <allowedPart type="StarShips.Parts.WeaponPart">
        <ActionMechanism>Beam</ActionMechanism>
        <CountOfParts>2</CountOfParts>
      </allowedPart>
      <allowedPart type="StarShips.Parts.WeaponPart">
        <ActionMechanism>Cannon</ActionMechanism>
        <CountOfParts>1</CountOfParts>
      </allowedPart>
      <allowedPart type="StarShips.Parts.WeaponPart">
        <ActionMechanism>Torpedo</ActionMechanism>
        <CountOfParts>1</CountOfParts>
      </allowedPart>
    </AllowedParts>
    <ImageURL>Ship2.png</ImageURL>
    <Mass>2900</Mass>
  </shipHull>
  <shipHull name="Destroyer">
    <MaxHP>75</MaxHP>
    <Mass>2100</Mass>
    <AllowedParts>
      <allowedPart type="StarShips.Parts.WeaponPart">
        <ActionMechanism>Torpedo</ActionMechanism>
        <CountOfParts>4</CountOfParts>
      </allowedPart>
      <allowedPart type="StarShips.Parts.WeaponPart">
        <ActionMechanism></ActionMechanism>
        <CountOfParts>6</CountOfParts>
      </allowedPart>
      <allowedPart type="StarShips.Parts.DefensePart">
        <ActionMechanism></ActionMechanism>
        <CountOfParts>4</CountOfParts>
      </allowedPart>
      <allowedPart type="StarShips.Parts.EnginePart">
        <ActionMechanism></ActionMechanism>
        <CountOfParts>6</CountOfParts>
      </allowedPart>
    </AllowedParts>
    <ImageURL>Ship3.png</ImageURL>
  </shipHull>
</shipHulls>