﻿<?xml version="1.0" encoding="utf-8"?>
<shipParts>
  <weaponParts>
    <weaponPart name="Laser Beam">
      <MaxHP>1</MaxHP>
      <WeaponDamage>5</WeaponDamage>
      <CritMultiplier>2</CritMultiplier>
      <ReloadTime>0</ReloadTime>
      <Actions />
      <DamageType>Laser</DamageType>
      <FiringType>Beam</FiringType>
      <WeaponRange>2</WeaponRange>
      <Mass>50</Mass>
    </weaponPart>
    <weaponPart name="Plasma Cannon">
      <MaxHP>1</MaxHP>
      <WeaponDamage>12</WeaponDamage>
      <CritMultiplier>3</CritMultiplier>
      <ReloadTime>2</ReloadTime>
      <Actions />
      <DamageType>Plasma</DamageType>
      <FiringType>Cannon</FiringType>
      <WeaponRange>3</WeaponRange>
      <Mass>50</Mass>
    </weaponPart>
    <weaponPart name="Torpedo">
      <MaxHP>1</MaxHP>
      <WeaponDamage>20</WeaponDamage>
      <CritMultiplier>2</CritMultiplier>
      <ReloadTime>4</ReloadTime>
      <Actions />
      <DamageType>Explosive</DamageType>
      <FiringType>Torpedo</FiringType>
      <WeaponRange>5</WeaponRange>
      <Mass>50</Mass>
    </weaponPart>
  </weaponParts>
  <defenseParts>
    <defensePart name="Shield Generator">
      <MaxHP>15</MaxHP>
      <DR>1</DR>
      <DownAdjective>Down</DownAdjective>
      <PenetrateVerb>Penetrating</PenetrateVerb>
      <Actions>
        <action type="StarShips.Actions.RepairThisPart">
          <Value index="0">2</Value>
        </action>
      </Actions>
      <Mass>50</Mass>
    </defensePart>
    <defensePart name="Armor Plate">
      <MaxHP>15</MaxHP>
      <DR>3</DR>
      <DownAdjective>Destroyed</DownAdjective>
      <PenetrateVerb>Shattering</PenetrateVerb>
      <Actions />
      <Mass>50</Mass>
    </defensePart>
  </defenseParts>
  <actionParts>
    <actionPart name="Damage Control">
      <MaxHP>1</MaxHP>
      <ActionDescription>Regen: 5 HPs</ActionDescription>
      <Actions>
        <action type="StarShips.Actions.RepairTargetShip">
          <Value index="0">5</Value>
        </action>
      </Actions>
      <Mass>50</Mass>
    </actionPart>
  </actionParts>
  <engineParts>
    <enginePart name="Standard Engine">
      <MaxHP>1</MaxHP>
      <Thrust>100</Thrust>
      <Actions />
      <Mass>50</Mass>
    </enginePart>
  </engineParts>
</shipParts>